Date,Close price,Inner
2019-03-21,48.772499,-1.638837639227983
2019-04-02,48.505001,-1.6446358144256963
2019-04-03,48.837502,-1.637428661282814
2019-04-04,48.922501,-1.635586258372772
2019-04-05,49.25,-1.628487526497858
2019-04-08,50.025002,-1.6116889060424608
2019-04-09,49.875,-1.614940286897672
2019-04-10,50.154999,-1.608871145232372
2019-04-11,49.737499,-1.6179207012852963
2019-04-12,49.717499,-1.6183542129525021
2019-04-15,49.807499,-1.6164034104500755
2019-04-16,49.8125,-1.6162950108576908
2019-04-17,50.782501,-1.595269673322619
2019-04-18,50.965,-1.591313901034948
2019-04-22,51.1325,-1.5876832408220984
2019-04-23,51.869999,-1.571697519769462
2019-04-24,51.790001,-1.5734315230871196
2019-04-25,51.32,-1.5836190689420426
2019-04-26,51.075001,-1.588929565189732
2019-04-29,51.1525,-1.5872497291548922
2019-04-30,50.1675,-1.6086001787647854
2019-05-01,52.630001,-1.5552240330644698
2019-05-02,52.287498,-1.5626479853921216
2019-05-03,52.9375,-1.5485588128567616
2019-05-06,52.119999,-1.5662786239293878
2019-05-07,50.715,-1.5967327968750222
2019-05-08,50.724998,-1.596516084392586
2019-05-09,50.18,-1.6083292339727813
2019-05-10,49.294998,-1.6275121685978116
2019-06-11,48.702499,-1.640354930063204
2019-06-12,48.547501,-1.6437146021328837
2019-06-13,48.537498,-1.6439314229932367
2019-06-18,49.612499,-1.6206301492053337
2019-06-19,49.467499,-1.6237731087925766
2019-06-20,49.865002,-1.6151569993801083
2019-06-21,49.695,-1.6188418919025258
2019-06-24,49.645,-1.6199256710705403
2019-06-25,48.892502,-1.6362365041979974
2019-06-26,49.950001,-1.6133145964700664
2019-06-27,49.935001,-1.613639730220471
2019-06-28,49.48,-1.6235021423249898
2019-07-01,50.387501,-1.6038315287499363
2019-07-02,50.682499,-1.5974372750098151
2019-07-03,51.102501,-1.588333486647324
2019-07-05,51.057499,-1.5893089312497037
2019-07-08,50.005001,-1.6121224393852502
2019-07-09,50.310001,-1.6055113864603594
2019-07-10,50.807499,-1.594727827089778
2019-07-11,50.4375,-1.602747771257505
2019-07-12,50.825001,-1.5943484610298062
2019-07-15,51.302502,-1.583998348299681
2019-07-16,51.125,-1.5878458076973003
2019-07-17,50.837502,-1.5940774945622191
2019-07-18,51.415001,-1.581559866847231
2019-07-19,50.647499,-1.5981959204274256
2019-07-22,51.805,-1.573106411012298
2019-07-23,52.209999,-1.564327821426961
2019-07-24,52.1675,-1.5652490120441906
2019-07-25,51.755001,-1.57419016850473
2019-07-26,51.935001,-1.5702885634998762
2019-07-29,52.419998,-1.5597759705968823
2019-07-30,52.195,-1.5646529335017825
2019-07-31,53.259998,-1.5415684805742325
2019-08-01,52.107498,-1.566549590396975
2019-08-02,51.005001,-1.590446856024953
2019-08-06,49.25,-1.628487526497858
2019-08-07,49.759998,-1.617433022335273
2019-08-08,50.857498,-1.5936440695973468
2019-08-09,50.247501,-1.606866110420378
2019-08-12,50.119999,-1.6096297906499826
2019-08-13,52.2425,-1.563623343292168
2019-08-14,50.6875,-1.5973288754174306
2019-08-15,50.435001,-1.6028019385403223
2019-08-16,51.625,-1.5770080160171518
2019-08-19,52.587502,-1.5561452236816988
2019-08-20,52.59,-1.5560910780744648
2019-08-21,53.16,-1.5437359955590955
2019-08-22,53.115002,-1.544711353459142
2019-08-23,50.66,-1.5979249539598388
2019-08-26,51.622501,-1.5770621832999692
2019-08-27,51.040001,-1.5896882106073427
2019-08-28,51.3825,-1.582264344982024
2019-08-29,52.252499,-1.5634066091341485
2019-08-30,52.185001,-1.564869667659802
2019-09-03,51.424999,-1.5813431543647947
2019-09-04,52.297501,-1.5624311645317686
2019-09-05,53.32,-1.5402679022214478
2019-09-06,53.314999,-1.5403763018138326
2019-09-09,53.5425,-1.5354450849237817
2019-09-10,54.174999,-1.5217353001239768
2019-09-11,55.897499,-1.4843991077858645
2019-09-12,55.772499,-1.4871085557059016
2019-09-13,54.6875,-1.510626541976241
2019-09-16,54.974998,-1.5043948551113224
2019-09-17,55.174999,-1.5000597167636796
2019-09-18,55.692501,-1.488842559023559
2019-09-19,55.240002,-1.49865073881851
2019-09-20,54.432499,-1.5161538374087
2019-09-23,54.68,-1.5107891088514431
2019-09-24,54.419998,-1.5164248038762875
2019-09-25,55.2575,-1.4982714594608717
2019-09-26,54.9725,-1.5044490007185565
2019-09-27,54.705002,-1.510247175916269
2019-09-30,55.9925,-1.482339905691053
2019-10-01,56.147499,-1.47898021194579
2019-10-02,54.740002,-1.5094885304986587
2019-10-03,55.205002,-1.4994093842361202
2019-10-04,56.752499,-1.4658664840128104
2019-10-07,56.764999,-1.4655955392208067
2019-10-08,56.099998,-1.4800098238309878
2019-10-09,56.7575,-1.4657580844204257
2019-10-10,57.522499,-1.449176284825381
2019-10-11,59.052502,-1.4160125772573762
2019-10-14,58.967499,-1.4178550668697516
2019-10-15,58.830002,-1.4208353945550423
2019-10-16,58.592499,-1.4259834106298632
2019-10-17,58.82,-1.4210521937398124
2019-10-18,59.102501,-1.414928819764945
2019-10-21,60.127499,-1.3927113901718067
2019-10-22,59.990002,-1.3956917178570976
2019-10-23,60.794998,-1.3782429599543917
2019-10-24,60.895,-1.3760753582671952
2019-10-25,61.645,-1.3598186707469722
2019-10-28,62.262501,-1.3464339763464053
2019-10-29,60.822498,-1.3776468814119833
2019-10-30,60.814999,-1.3778094266116023
2019-10-31,62.189999,-1.3480054994911934
2019-11-01,63.955002,-1.3097480298335185
2019-11-04,64.375,-1.3006443281733604
2019-11-05,64.282501,-1.3026492979586046
2019-11-06,64.309998,-1.3020532844429467
2019-11-07,64.857498,-1.2901859025531834
2019-11-08,65.035004,-1.2863383564532307
2019-11-11,65.550003,-1.2751754526982608
2019-11-12,65.489998,-1.2764760960777954
2019-11-13,66.1175,-1.262874624168042
2019-11-14,65.660004,-1.2727911168530448
2019-11-15,66.440002,-1.2558842051831796
2019-11-18,66.775002,-1.24862288475748
2019-11-19,66.572502,-1.25301219038794
2019-11-20,65.797501,-1.2698107891677541
2019-11-21,65.502502,-1.2762050645834582
2019-11-22,65.445,-1.2774514539778423
2019-11-25,66.592499,-1.2525787437474842
2019-11-26,66.072502,-1.2638499820680889
2019-11-27,66.959999,-1.2446129668625752
2019-11-29,66.8125,-1.2478100937326355
2019-12-02,66.040001,-1.2645544602028818
2019-12-03,64.862503,-1.2900774162584652
2019-12-04,65.434998,-1.277668253162612
2019-12-05,66.394997,-1.2568597148123097
2019-12-06,67.677498,-1.229060757477145
2019-12-09,66.730003,-1.24959826433311
2019-12-10,67.120003,-1.241144786822594
2019-12-11,67.692497,-1.228735645402324
2019-12-12,67.864998,-1.2249965855970892
2019-12-13,68.787498,-1.205000859947215
2019-12-16,69.964996,-1.1794779038916317
2019-12-17,70.102501,-1.1764974028016737
2019-12-18,69.934998,-1.1801281280412739
2019-12-19,70.004997,-1.1786108588816362
2019-12-20,69.860001,-1.181753731766546
2019-12-23,71.0,-1.1570435884113903
2019-12-24,71.067497,-1.1555805515613202
2019-12-26,72.477501,-1.1250178923209675
2019-12-27,72.449997,-1.1256140575657094
2019-12-30,72.879997,-1.1162935567207812
2019-12-31,73.412498,-1.1047512869058398
2020-01-02,75.087502,-1.0684445980750081
2020-01-03,74.357498,-1.0842678606303586
2020-01-06,74.949997,-1.0714250991649659
2020-01-07,74.597504,-1.0790655905703872
2020-01-08,75.797501,-1.0530549555647803
2020-01-09,77.407501,-1.0181572663547016
2020-01-10,77.582497,-1.014364125968983
2020-01-13,79.239998,-0.9784368248737068
2020-01-14,78.169998,-1.0016296990692248
2020-01-15,77.834999,-1.0088909978193412
2020-01-16,78.809998,-0.9877573257186348
2020-01-17,79.682503,-0.9688452708588585
2020-01-21,79.142502,-0.9805501075490025
2020-01-22,79.425003,-0.9744267335741349
2020-01-23,79.807503,-0.9661358229388213
2020-01-24,79.577499,-0.971121293814023
2020-01-27,77.237503,-1.0218420721747854
2020-01-28,79.422501,-0.9744809658837025
2020-01-29,81.084999,-0.9384453518983749
2020-01-30,80.967499,-0.9409922329432097
2020-01-31,77.377502,-1.0188075121799272
2020-02-03,77.165001,-1.0234135953195738
2020-02-04,79.712502,-0.9681950250336329
2020-02-05,80.362503,-0.9541058741738562
2020-02-06,81.302498,-0.9337309341930935
2020-02-07,80.0075,-0.961800771293512
2020-02-10,80.387497,-0.953564114643349
2020-02-11,79.902496,-0.9640767942486765
2020-02-12,81.800003,-0.9229472230934287
2020-02-13,81.217499,-0.9355733371031353
2020-02-14,81.237503,-0.9351397387335959
2020-02-18,79.75,-0.9673822340087884
2020-02-19,80.904999,-0.9423469569032282
2020-02-20,80.074997,-0.960337734443442
2020-02-21,78.262497,-0.9996247292839809
2020-02-24,74.544998,-1.0802036887503028
2020-02-25,72.019997,-1.134934558410637
2020-02-26,73.162498,-1.110170182745914
2020-02-27,68.379997,-1.2138336818421194
2020-02-28,68.339996,-1.2147007268521148
2020-03-02,74.702499,-1.0767897626954726
2020-03-03,72.330002,-1.1282150191910283
2020-03-04,75.684998,-1.0554935237195642
2020-03-05,73.230003,-1.1087069724911773
2020-03-06,72.2575,-1.1297865423358167
2020-03-09,66.542503,-1.2536624362131659
2020-03-10,71.334999,-1.1497822896612742
2020-03-11,68.857498,-1.203483569111994
2020-03-12,62.057499,-1.3508775142864329
2020-03-13,69.4925,-1.1897195303270385
2020-03-16,60.552502,-1.3834992022169303
2020-03-17,63.215,-1.3257880048713053
2020-03-18,61.6675,-1.3593309701213656
2020-03-19,61.195,-1.369572683259106
2020-03-20,57.310001,-1.453782302938278
2020-03-23,56.092499,-1.4801723690306066
2020-03-24,61.720001,-1.3581929803193664
2020-03-25,61.380001,-1.3655626786618675
2020-03-26,64.610001,-1.2955505444081072
2020-03-27,61.935001,-1.3535327298969027
2020-03-30,63.702499,-1.3152211796587436
2020-03-31,63.572498,-1.3180390271711657
2020-04-01,60.227501,-1.3905437884846106
2020-04-02,61.232498,-1.3687598922342616
2020-04-03,60.352501,-1.3878343405645734
2020-04-06,65.6175,-1.2737124158481907
2020-04-07,64.857498,-1.2901859025531834
2020-04-08,66.517502,-1.2542043474727567
2020-04-09,66.997498,-1.2438001541621475
2020-04-13,68.3125,-1.2152967186921895
2020-04-14,71.762497,-1.1405160211259138
2020-04-15,71.107498,-1.154713506551325
2020-04-16,71.672501,-1.142466736926007
2020-04-17,70.699997,-1.1635463284462297
2020-04-20,69.232498,-1.1953552253518824
2020-04-21,67.092499,-1.2417409520673355
2020-04-22,69.025002,-1.199852822196811
2020-04-23,68.7575,-1.2056510840968573
2020-04-24,70.7425,-1.1626250511266667
2020-04-27,70.792503,-1.161541206931902
2020-04-28,69.644997,-1.1864140688913434
2020-04-29,71.932503,-1.1368310419011631
2020-04-30,73.449997,-1.103938474205412
2020-05-01,72.267502,-1.129569743151047
2020-05-04,73.290001,-1.107406480840726
2020-05-05,74.389999,-1.0835633824955655
2020-05-06,75.157501,-1.0669273289153707
2020-05-07,75.934998,-1.0500746278794897
2020-05-08,77.532501,-1.0154478184346645
2020-05-11,78.752502,-0.9890035850595181
2020-05-12,77.852501,-1.0085116317593692
2020-05-13,76.912498,-1.028886745144799
2020-05-14,77.385002,-1.018644945304725
2020-05-15,76.927498,-1.0285616113943945
2020-05-18,78.739998,-0.9892746165538555
2020-05-19,78.285004,-0.9991368769292907
2020-05-20,79.807503,-0.9661358229388213
2020-05-21,79.212502,-0.9790328167137815
2020-05-22,79.722504,-0.9679782258488632
2020-05-26,79.182503,-0.9796830625390072
2020-05-27,79.527496,-0.972205138008788
2020-05-28,79.5625,-0.9714464058888441
2020-05-29,79.485001,-0.9731262419236839
2020-06-01,80.462502,-0.9519383375134098
2020-06-02,80.834999,-0.9438642477384492
2020-06-03,81.279999,-0.9342186131431167
2020-06-04,80.580002,-0.949391456468575
2020-06-05,82.875,-0.8996460360078592
2020-06-08,83.364998,-0.8890250435124801
2020-06-09,85.997498,-0.8319640703164976
2020-06-10,88.209999,-0.7840068204562561
2020-06-11,83.974998,-0.8758029376626988
2020-06-12,84.699997,-0.8600881614020667
2020-06-15,85.747498,-0.8373829661565718
2020-06-16,88.019997,-0.7881252246458792
2020-06-17,87.897499,-0.7907804402563491
2020-06-18,87.932503,-0.7900217081364053
2020-06-19,87.43,-0.8009137538017045
2020-06-22,89.717499,-0.7513308785406078
2020-06-23,91.6325,-0.7098221147300552
2020-06-24,90.014999,-0.7448823924909193
2020-06-25,91.209999,-0.718980070375364
2020-06-26,88.407501,-0.7797258493914307
2020-06-29,90.445,-0.7355618699704083
2020-06-30,91.199997,-0.7191968695601337
2020-07-01,91.027496,-0.7229359293653683
2020-07-02,91.027496,-0.7229359293653683
2020-07-06,93.462502,-0.6701557538295441
2020-07-07,93.172501,-0.6764416946796138
2020-07-08,95.342499,-0.6294057221389351
2020-07-09,95.752502,-0.620518667934463
2020-07-10,95.919998,-0.6168880944239467
2020-07-13,95.477501,-0.6264794750341282
2020-07-14,97.057503,-0.5922320099736919
2020-07-15,97.724998,-0.5777636664586101
2020-07-16,96.522499,-0.6038285337737843
2020-07-17,96.327499,-0.6080552725290422
2020-07-20,98.357498,-0.5640538599832218
2020-07-21,97.0,-0.5934784210436589
2020-07-22,97.272499,-0.5875718462535613
2020-07-23,92.845001,-0.6835404482301112
2020-07-24,92.614998,-0.6885258974297296
2020-07-27,94.809998,-0.640947991953877
2020-07-28,93.252502,-0.6747076263352064
2020-07-29,95.040001,-0.6359625427542583
2020-07-30,96.190002,-0.6110356002143329
2020-07-31,106.260002,-0.3927624757761386
2020-08-03,108.9375,-0.33472614468010914
2020-08-04,109.665001,-0.3189571361099094
2020-08-05,110.0625,-0.3103411133997746
2020-08-06,113.902496,-0.2271069599985662
2020-08-07,111.112503,-0.2875816858447122
2020-08-10,112.727501,-0.2525756620689987
2020-08-11,109.375,-0.32524307695997906
2020-08-12,113.010002,-0.24645228809413142
2020-08-13,115.010002,-0.2031011213735367
2020-08-14,114.907501,-0.2053228903435506
2020-08-17,114.607498,-0.21182563037838967
2020-08-18,115.5625,-0.19112540491813912
2020-08-19,115.707497,-0.18798251035764602
2020-08-20,118.275002,-0.1323303417021658
2020-08-21,124.370003,-0.00021763944557007874
2020-08-24,125.857498,0.03202468242495566
2020-08-25,124.824997,0.009644620929865042
2020-08-26,126.522499,0.04643896703513654
2020-08-27,125.010002,0.01365471222943694
2020-08-28,124.807503,0.009265428274560018
2020-08-31,129.039993,0.10100711809118527
2020-09-01,134.179993,0.21241961656311342
2020-09-02,131.399994,0.15216151649707005
2020-09-03,120.879997,-0.0758655554265079
2020-09-04,120.959999,-0.07413146540651754
2020-09-08,112.82,-0.2505706922837548
2020-09-09,117.32,-0.15303056716241664
2020-09-10,113.489998,-0.23604809478352212
2020-09-11,112.0,-0.2683446706391985
2020-09-14,115.360001,-0.19551468887301604
2020-09-15,115.540001,-0.19161308386816236
2020-09-16,112.129997,-0.2655269098291098
2020-09-17,110.339996,-0.30432622571962553
2020-09-18,106.839996,-0.3801907674806663
2020-09-21,110.080002,-0.3099617473398028
2020-09-22,111.809998,-0.2724630748288218
2020-09-23,107.120003,-0.3741214524106996
2020-09-24,108.220001,-0.3502783540655392
2020-09-25,112.279999,-0.2622755289738985
2020-09-28,114.959999,-0.2041849655683017
2020-09-29,114.089996,-0.22304278811851044
2020-09-30,115.809998,-0.18576074138763238
2020-10-01,116.790001,-0.16451860466779067
2020-10-02,113.019997,-0.24623564063844516
2020-10-05,116.5,-0.17080454551786034
2020-10-06,113.160004,-0.24320090723892007
2020-10-07,115.080002,-0.20158383053831602
2020-10-08,114.970001,-0.20396816638353202
2020-10-09,116.970001,-0.1606169996629373
2020-10-12,124.400002,0.0004326063796555612
2020-10-13,121.099998,-0.07109690541165921
2020-10-14,121.190002,-0.06914601620689884
2020-10-15,120.709999,-0.07955036124659189
2020-10-16,119.019997,-0.11618214047666099
2020-10-19,115.980003,-0.18207578383846496
2020-10-20,117.510002,-0.14891216297279328
2020-10-21,116.870003,-0.1627845146478003
2020-10-22,115.75,-0.18706123303808336
2020-10-23,115.040001,-0.20245087554831104
2020-10-26,115.050003,-0.20223407636354135
2020-10-27,116.599998,-0.16863703053299733
2020-10-28,111.199997,-0.28568520235418654
2020-10-29,115.32,-0.1963817338830114
2020-10-30,108.860001,-0.33640598071494887
2020-11-02,108.769997,-0.338356869919709
2020-11-03,110.440002,-0.3021585373300955
2020-11-04,114.949997,-0.20440176475307142
2020-11-05,119.029999,-0.11596534129189129
2020-11-06,118.690002,-0.12333497460764224
2020-11-09,116.32,-0.17470615052271402
2020-11-10,115.970001,-0.18229258302323467
2020-11-11,119.489998,-0.10599459462173795
2020-11-12,119.209999,-0.11206373628703793
2020-11-13,119.260002,-0.1109798920922729
2020-11-16,120.300003,-0.0884372637219802
2020-11-17,119.389999,-0.10816213128218426
2020-11-18,118.029999,-0.13764092465218866
2020-11-19,118.639999,-0.12441881880240728
2020-11-20,117.339996,-0.152597142197544
2020-11-23,113.849998,-0.22824488477381508
2020-11-24,115.169998,-0.1996331147382224
2020-11-25,116.029999,-0.18099209137278338
2020-11-27,116.589996,-0.16885382971776702
2020-11-30,119.050003,-0.1155317429223519
2020-12-01,122.720001,-0.03598239534122746
2020-12-02,123.080002,-0.028179163655937117
2020-12-03,122.940002,-0.031213745326378453
2020-12-04,122.25,-0.046169941196150505
2020-12-07,123.75,-0.013656566155704458
2020-12-08,124.379997,-1.013665467135688e-06
2020-12-09,121.779999,-0.056357487051073546
2020-12-10,123.239998,-0.024711157020622838
2020-12-11,122.410004,-0.04270176115616947
2020-12-14,121.779999,-0.056357487051073546
2020-12-15,127.879997,0.07586352809557363
2020-12-16,127.809998,0.07434625893593597
2020-12-17,128.699997,0.09363750645101733
2020-12-18,126.660004,0.049419468125094325
2020-12-21,128.229996,0.08344996059609429
2020-12-22,131.880005,0.16256603494143015
2020-12-23,130.960007,0.14262454160112284
2020-12-24,131.970001,0.16451675074152314
2020-12-28,136.690002,0.26682552587770997
2020-12-29,134.869995,0.22737581243288518
2020-12-30,133.720001,0.20244902162204353
2020-12-31,132.690002,0.18012319243652053
2021-01-04,129.410004,0.10902732236591177
2021-01-05,131.009995,0.14370806066213768
2021-01-06,126.599998,0.04811880306997629
2021-01-07,130.919998,0.14175732318646075
2021-01-08,132.050003,0.1662508407615138
2021-01-11,128.979996,0.0997066481163173
2021-01-12,128.800003,0.09580519484054739
2021-01-13,130.889999,0.14110707736123512
2021-01-14,128.910004,0.09818953068576308
2021-01-15,127.139999,0.059823639760120305
2021-01-19,127.830002,0.07477985730547536
2021-01-20,132.029999,0.16581724239197443
2021-01-21,136.869995,0.2707269791534799
2021-01-22,139.070007,0.3184135226531348
2021-01-25,142.919998,0.4018643235100291
2021-01-26,143.160004,0.4070665935700005
2021-01-27,142.059998,0.3832233218201737
2021-01-28,137.089996,0.2754956291683292
2021-01-29,131.960007,0.1643001249614202
2021-02-01,134.139999,0.21155272328220154
2021-02-02,134.990005,0.22997709919195464
2021-02-03,133.940002,0.20721767163689223
2021-02-04,137.389999,0.28199836920316795
2021-02-05,136.759995,0.2683426649838475
2021-02-08,136.910004,0.27159419756814196
2021-02-09,136.009995,0.2520859774636245
2021-02-10,135.389999,0.23864720248257323
2021-02-11,135.130005,0.23301168086239657
2021-02-12,135.369995,0.23821360411303386
2021-02-16,133.190002,0.1909609841166692
2021-02-17,130.839996,0.1400232331664707
2021-02-18,129.710007,0.11553006240075113
2021-02-19,129.869995,0.11899789563139836
2021-02-22,126.0,0.035113496404964605
2021-02-23,125.860001,0.03207893641010627
2021-02-24,125.349998,0.021024323869604587
2021-02-25,120.989998,-0.0734812195812919
2021-02-26,121.260002,-0.06762872537167817
2021-03-01,127.790001,0.07391281229548033
2021-03-02,125.120003,0.016039048074652944
2021-03-03,122.059998,-0.05028834538577387
2021-03-04,120.129997,-0.09212224294673092
2021-03-05,121.419998,-0.06416071873636389
2021-03-08,116.360001,-0.17383910551271867
2021-03-09,121.089996,-0.0713137045964289
2021-03-10,119.980003,-0.09537345039727552
2021-03-11,121.959999,-0.05245588204622018
2021-03-12,121.029999,-0.07261417457129657
2021-03-15,123.989998,-0.008454469500399815
2021-03-16,125.57,0.025792995560036593
2021-03-17,124.760002,0.0082358163893626
2021-03-18,120.529999,-0.08345196625144524
2021-03-19,119.989998,-0.09515680294158926
2021-03-22,123.389999,-0.021459797840994804
2021-03-23,122.540001,-0.039884000346080827
2021-03-24,120.089996,-0.09298928795672626
2021-03-25,120.589996,-0.08215149627657758
2021-03-26,121.209999,-0.0687125695664432
2021-03-29,121.389999,-0.06481096456158952
2021-03-30,119.900002,-0.09710751874168257
2021-03-31,122.150002,-0.048337456181013504
2021-04-01,123.0,-0.02991325367592748
2021-04-05,125.900002,0.032945981420101605
2021-04-06,126.209999,0.03966534723504361
2021-04-07,127.900002,0.07629714814069632
2021-04-08,130.360001,0.1296190615314447
2021-04-09,133.0,0.18684257992704614
2021-04-12,131.240005,0.14869366159083952
2021-04-13,134.429993,0.21783851240318777
2021-04-14,132.029999,0.16581724239197443
2021-04-15,134.5,0.2193559549674922
2021-04-16,134.160004,0.21198634332732424
2021-04-19,134.839996,0.22672556660766013
2021-04-20,133.110001,0.18922691577226247
2021-04-21,133.5,0.19768037160719482
2021-04-22,131.940002,0.1638665049162975
2021-04-23,134.320007,0.21545450169172228
2021-04-26,134.720001,0.22412460498234088
2021-04-27,134.389999,0.2169716191222759
2021-04-28,133.580002,0.1994144616271855
2021-04-29,133.479996,0.19724677323765544
2021-04-30,131.460007,0.1534623332812715
2021-05-03,132.539993,0.17687165985222605
2021-05-04,127.849998,0.075213282270348
2021-05-05,128.100006,0.08063235151508939
2021-05-06,129.740005,0.11618028655039347
2021-05-07,130.210007,0.12636785408089982
2021-05-10,126.849998,0.053537698910050634
2021-05-11,125.910004,0.0331627806048713
2021-05-12,122.769997,-0.034898702875545876
2021-05-13,124.970001,0.012787667219441605
2021-05-14,127.449997,0.06654302725064562
2021-05-17,126.269997,0.04096583888549489
2021-05-18,124.849998,0.010186532189455906
2021-05-19,124.690002,0.006718525554141932
2021-05-20,127.309998,0.06350846725578728
2021-05-21,125.43,0.022758413889595257
2021-05-24,127.099998,0.05895659475012497
2021-05-25,126.900002,0.054621564780398965
2021-05-26,126.849998,0.053537698910050634
2021-05-27,125.279999,0.019507054709967227
2021-05-28,124.610001,0.004984457209734566
2021-06-01,124.279999,-0.0021685286503301377
2021-06-02,125.059998,0.014738404695118217
2021-06-03,123.540001,-0.018208416985783463
2021-06-04,125.889999,0.0327291605597486
2021-06-07,125.900002,0.032945981420101605
2021-06-08,126.739998,0.05115338474041793
2021-06-09,127.129997,0.05960684057535061
2021-06-10,126.110001,0.03749783225018061
2021-06-11,127.349998,0.06437549059019931
2021-06-14,130.479996,0.13222002315676334
2021-06-15,129.639999,0.11401259816086341
2021-06-16,130.149994,0.12506703729669832
2021-06-17,131.789993,0.16061497233200303
2021-06-18,130.460007,0.13178674992097417
2021-06-21,132.300003,0.17166973660158816
2021-06-22,133.979996,0.2080845649178041
2021-06-23,133.699997,0.20201542325250413
2021-06-24,133.410004,0.19572965580710122
2021-06-25,133.110001,0.18922691577226247
2021-06-28,134.779999,0.22542509663279217
2021-06-29,136.330002,0.25902231586800323
2021-06-30,136.960007,0.272678041762907
2021-07-01,137.270004,0.2793974075778493
2021-07-02,139.960007,0.3377047918437991
2021-07-06,142.020004,0.38235642853926183
2021-07-07,144.570007,0.43762923113477026
2021-07-08,143.240005,0.4088006619144079
2021-07-09,145.110001,0.4493339160958308
2021-07-12,144.5,0.43611178857046584
2021-07-13,145.639999,0.4608219319256212
2021-07-14,149.149994,0.5369031211423483
2021-07-15,148.479996,0.5223805236421158
2021-07-16,146.389999,0.47707861944584423
2021-07-19,142.449997,0.39167677765510606
2021-07-20,146.149994,0.47187637106145613
2021-07-21,145.399994,0.4556196835412331
2021-07-22,146.800003,0.4859656953258999
2021-07-23,148.559998,0.5241146136621065
2021-07-26,148.990005,0.5334352662361177
2021-07-27,146.770004,0.4853154495006743
2021-07-28,144.979996,0.4465159818810751
2021-07-29,145.639999,0.4608219319256212
2021-07-30,145.860001,0.4655906036160538
2021-08-02,145.520004,0.45822097030030257
2021-08-03,147.360001,0.49810397865649986
2021-08-04,146.949997,0.4892169027764442
2021-08-05,147.059998,0.4916012386216605
2021-08-06,146.139999,0.4716597236057699
2021-08-09,146.089996,0.4705758794110055
2021-08-10,145.600006,0.45995506032029326
2021-08-11,145.860001,0.4655906036160538
2021-08-12,148.889999,0.5312675778465876
2021-08-13,149.100006,0.5358196020813341
2021-08-16,151.119995,0.5796040420377173
2021-08-17,150.190002,0.5594459012417243
2021-08-18,146.360001,0.4764283952962025
2021-08-19,146.699997,0.4837980069363699
2021-08-20,148.190002,0.5160947345211296
2021-08-23,149.710007,0.5490417296066984
2021-08-24,149.619995,0.5470906669972713
2021-08-25,148.360001,0.5197795620167972
2021-08-26,147.539993,0.5020054102566864
2021-08-27,148.600006,0.5249818104011853
2021-08-30,153.119995,0.622955208758312
2021-08-31,151.830002,0.5949938579526124
2021-09-01,152.509995,0.609733102908531
2021-09-02,153.649994,0.6344432462636863
2021-09-03,154.300003,0.6485325705281302
2021-09-07,156.690002,0.7003371930836573
2021-09-08,155.110001,0.6660897496988044
2021-09-09,154.070007,0.6435472730575952
2021-09-10,148.970001,0.5330016678665783
2021-09-13,149.550003,0.5455735495667177
2021-09-14,148.119995,0.5145772919568252
2021-09-15,149.029999,0.5343021595170296
2021-09-16,148.789993,0.5290998894570582
2021-09-17,146.059998,0.46992565526136315
2021-09-20,142.940002,0.4022979218795685
2021-09-21,143.429993,0.412918762645864
2021-09-22,145.850006,0.4653739561603676
2021-09-23,146.830002,0.48661594115112555
2021-09-24,146.919998,0.48856665695121854
2021-09-27,145.369995,0.45496943771600745
2021-09-28,141.910004,0.3799721143696288
2021-09-29,142.830002,0.3999136077099361
2021-09-30,141.5,0.37108503848957375
2021-10-01,142.649994,0.3960118293004154
2021-10-04,139.139999,0.3199306400836884
2021-10-05,141.110001,0.36263158265464135
2021-10-06,142.0,0.3819228301697224
2021-10-07,143.289993,0.4098841809754227
2021-10-08,142.899994,0.4014307251404897
2021-10-11,142.809998,0.39948000934039674
2021-10-12,141.509995,0.37130168594526
2021-10-13,140.910004,0.35829653100933145
2021-10-14,143.759995,0.42007174850592904
2021-10-15,144.839996,0.44348140021063376
2021-10-18,146.550003,0.48054679948582557
2021-10-19,148.759995,0.5284496653074159
2021-10-20,149.259995,0.5392874569875645
2021-10-21,149.479996,0.5440561070024132
2021-10-22,148.690002,0.5269325262012783
2021-10-25,148.639999,0.5258486820065132
2021-10-26,149.320007,0.5405882520961827
2021-10-27,148.850006,0.5304007062412597
2021-10-28,152.570007,0.6110338980171491
2021-10-29,149.800003,0.550992445406792
2021-11-01,148.960007,0.5327850420864754
2021-11-02,150.020004,0.5557610954216408
2021-11-03,151.490005,0.5876242246368611
2021-11-04,150.960007,0.5761362088070701
2021-11-05,151.279999,0.5830722220776987
2021-11-08,150.440002,0.5648647970817987
2021-11-09,150.809998,0.5728846762227756
2021-11-10,147.919998,0.5102422403115159
2021-11-11,147.869995,0.5091583961167508
2021-11-12,149.990005,0.5551108495964151
2021-11-15,150.0,0.5553274970521013
2021-11-16,151.0,0.5770030804123987
2021-11-17,153.490005,0.6309753913574558
2021-11-18,157.869995,0.7259142297197245
2021-11-19,160.550003,0.7840049665299886
2021-11-22,161.020004,0.7941925123849117
2021-11-23,161.410004,0.8026459898954273
2021-11-24,161.940002,0.8141340057252184
2021-11-26,156.809998,0.7029381763845598
2021-11-29,160.240005,0.777285579039463
2021-11-30,165.300003,0.8869639874914012
2021-12-01,164.770004,0.8754759499860268
2021-12-02,163.759995,0.8535834157118763
2021-12-03,161.839996,0.8119663173356889
2021-12-06,165.320007,0.8873975858609405
2021-12-07,171.179993,1.0144162008941158
2021-12-08,175.080002,1.0989511710795261
2021-12-09,174.559998,1.087679781029838
2021-12-10,179.449997,1.1936733619861084
2021-12-13,175.740005,1.113257121124072
2021-12-14,174.330002,1.082694483559303
2021-12-15,179.300003,1.1904221545355642
2021-12-16,172.259995,1.037825874274404
2021-12-17,171.139999,1.013549307613204
2021-12-20,169.75,0.9834202684179743
2021-12-21,172.990005,1.0536492668832544
2021-12-22,175.639999,1.1110894327345422
2021-12-23,176.279999,1.1249618060851327
2021-12-27,180.330002,1.2127479837210873
2021-12-28,179.289993,1.1902051819461277
2021-12-29,179.380005,1.192156244555555
2021-12-30,178.199997,1.1665788827857368
2021-12-31,177.570007,1.1529234820245833
2022-01-03,182.009995,1.2491628120373033
2022-01-04,179.699997,1.199092257826183
2022-01-05,174.919998,1.0954829910395447
2022-01-06,172.0,1.0321903309786433
2022-01-07,172.169998,1.035875136798727
2022-01-10,172.190002,1.0363087351682663
2022-01-11,175.080002,1.0989511710795261
2022-01-12,175.529999,1.1087051185649097
2022-01-13,172.190002,1.0363087351682663
2022-01-14,173.070007,1.0553833569032451
2022-01-18,169.800003,0.9845041126127393
2022-01-19,166.229996,0.907122128287394
2022-01-20,164.509995,0.8698401032320994
2022-01-21,162.410004,0.8243215732557247
2022-01-24,161.619995,0.8071976673208396
2022-01-25,159.779999,0.7673146806402262
2022-01-26,159.690002,0.7653639431645494
2022-01-27,159.220001,0.7551763973096263
2022-01-28,170.330002,0.9959921501181136
2022-01-31,174.779999,1.0924484310446867
2022-02-01,174.610001,1.088763625224603
2022-02-02,175.839996,1.115424484379852
2022-02-03,172.899994,1.0516982259494105
2022-02-04,172.389999,1.0406437868135756
2022-02-07,171.660004,1.0248207193384753
2022-02-08,174.830002,1.0935322752394516
2022-02-09,176.279999,1.1249618060851327
2022-02-10,172.119995,1.034791292603962
2022-02-11,168.639999,0.9593603492124606
2022-02-14,168.880005,0.9645626192724326
2022-02-15,172.789993,1.049313890104195
2022-02-16,172.550003,1.044111966853557
2022-02-17,168.880005,0.9645626192724326
2022-02-18,167.300003,0.9303151542119958
2022-02-22,164.320007,0.8657220025006431
2022-02-23,160.070007,0.7736007732193794
2022-02-24,162.740005,0.8314745374402065
2022-02-25,164.850006,0.8772100400060174
2022-02-28,165.119995,0.8830622090818804
2022-03-01,163.199997,0.8414451323812764
2022-03-02,166.559998,0.9142751141474591
2022-03-03,166.229996,0.907122128287394
2022-03-04,163.169998,0.8407948865560507
2022-03-07,159.300003,0.756910487329617
2022-03-08,157.440002,0.7165938806038803
2022-03-09,162.949997,0.836026236541202
2022-03-10,158.520004,0.7400035539841683
2022-03-11,154.729996,0.6578529196439744
2022-03-14,150.619995,0.5687662503575687
2022-03-15,155.089996,0.6656561296536817
2022-03-16,159.589996,0.7631962547750198
2022-03-17,160.619995,0.7855220839605422
2022-03-18,163.979996,0.858352065726725
2022-03-21,165.380005,0.8886980775113918
2022-03-22,168.820007,0.9632621276219813
2022-03-23,170.210007,0.9933911884927943
2022-03-24,174.070007,1.0770589402635424
2022-03-25,174.720001,1.0911479393942354
2022-03-28,175.600006,1.110222561129214
2022-03-29,178.960007,1.1830525428953962
2022-03-30,177.770004,1.1572585336698926
2022-03-31,174.610001,1.088763625224603
2022-04-01,174.309998,1.0822608851897637
2022-04-04,178.440002,1.171781131170125
2022-04-05,175.059998,1.0985175727099867
2022-04-06,171.830002,1.0285055251585595
2022-04-07,172.139999,1.0352248909735013
2022-04-08,170.089996,0.9907898800581422
2022-04-11,165.75,0.8967179349767848
2022-04-12,167.660004,0.9381183858972859
2022-04-13,170.399994,0.9975092675486672
2022-04-14,165.289993,0.8867470149019647
2022-04-18,165.070007,0.8819786900208662
2022-04-19,167.399994,0.9324825174677751
2022-04-20,167.229996,0.9287977116476914
2022-04-21,166.419998,0.9112405324770171
2022-04-22,161.789993,0.8108824731409239
2022-04-25,162.880005,0.8345091191106484
2022-04-26,156.800003,0.7027215289288735
2022-04-27,156.570007,0.6977362314583386
2022-04-28,163.639999,0.8509824324109737
2022-04-29,157.649994,0.7211455797048758
2022-05-02,157.960007,0.7278652923291516
2022-05-03,159.479996,0.7608119406053868
2022-05-04,166.020004,0.9025704291863985
2022-05-05,156.770004,0.7020712831036479
2022-05-06,157.279999,0.7131257222394828
2022-05-09,152.059998,0.5999791554231473
2022-05-10,154.509995,0.6530842696291257
2022-05-11,146.5,0.47946295529106053
2022-05-12,142.559998,0.39406111350032236
2022-05-13,147.110001,0.49268508281642553
2022-05-16,145.539993,0.45865424353609174
2022-05-17,149.240005,0.5388541620761921
2022-05-18,140.820007,0.35634579353365514
2022-05-19,137.350006,0.28113149759784
2022-05-20,137.589996,0.2863334208484779
2022-05-23,143.110001,0.4059827493752361
2022-05-24,140.360001,0.3463748951344183
2022-05-25,140.520004,0.3498430534988158
2022-05-26,143.779999,0.4205053468754684
2022-05-27,149.639999,0.5475242653668106
2022-05-31,148.839996,0.5301837336518233
2022-06-01,148.710007,0.527366146246401
2022-06-02,151.210007,0.5815551046471444
2022-06-03,145.380005,0.45518641030544454
2022-06-06,146.139999,0.4716597236057699
2022-06-07,148.710007,0.527366146246401
2022-06-08,147.960007,0.511109458726178
2022-06-09,142.639999,0.3957951818447291
2022-06-10,137.130005,0.2763628475829913
2022-06-13,131.880005,0.16256603494143015
2022-06-14,132.759995,0.18164033154265805
2022-06-15,135.429993,0.23951409576348512
2022-06-16,130.059998,0.12311632149660534
2022-06-17,131.559998,0.1556296965370514
2022-06-21,135.869995,0.24905139579318253
2022-06-22,135.350006,0.2377803308772453
2022-06-23,138.270004,0.3010729909381467
2022-06-24,141.660004,0.3745532185295545
2022-06-27,141.660004,0.3745532185295545
2022-06-28,137.440002,0.283082213397933
2022-06-29,139.229996,0.3218813775593653
2022-06-30,136.720001,0.2674757717029356
2022-07-01,138.929993,0.3153786375245259
2022-07-05,141.559998,0.372385530140025
2022-07-06,142.919998,0.4018643235100291
2022-07-07,146.350006,0.4762117478405163
2022-07-08,147.039993,0.4911676185765378
2022-07-11,144.869995,0.4441316460358588
2022-07-12,145.860001,0.4655906036160538
2022-07-13,145.490005,0.4575707244750769
2022-07-14,148.470001,0.5221638761864297
2022-07-15,150.169998,0.559012302872185
2022-07-18,147.070007,0.49181818953551365
2022-07-19,151.0,0.5770030804123987
2022-07-20,153.039993,0.621221118738322
2022-07-21,155.350006,0.6712919980831925
2022-07-22,154.089996,0.6439805462933844
2022-07-25,152.949997,0.6192704029382283
2022-07-26,151.600006,0.5900085604820774
2022-07-27,156.789993,0.7025045563394371
2022-07-28,157.350006,0.7146431648037873
2022-07-29,162.509995,0.8264889365115046
2022-08-01,161.509995,0.8048133531512073
2022-08-02,160.009995,0.7722999781107612
2022-08-03,166.130005,0.9049547650316149
2022-08-04,165.809998,0.8980184266272361
2022-08-05,165.350006,0.8880478316861662
2022-08-08,164.869995,0.877643313241806
2022-08-09,164.919998,0.878727157436571
2022-08-10,169.240005,0.9723658292821393
2022-08-11,168.490005,0.9561091417619163
2022-08-12,172.100006,1.0343580193681734
2022-08-15,173.190002,1.0579843185285638
2022-08-16,173.029999,1.0545161601641664
2022-08-17,174.550003,1.0874631335741518
2022-08-18,174.149994,1.0787927051497823
2022-08-19,171.520004,1.021786137668034
2022-08-22,167.570007,0.9361676484216096
2022-08-23,167.229996,0.9287977116476914
2022-08-24,167.529999,0.9353004516825308
2022-08-25,170.029999,0.9894894100832742
2022-08-26,163.619995,0.8505488340414343
2022-08-29,161.380005,0.8019957440702024
2022-08-30,158.910004,0.748457031494684
2022-08-31,157.220001,0.7118252305890316
2022-09-01,157.960007,0.7278652923291516
2022-09-02,155.809998,0.6812625930242624
2022-09-06,154.529999,0.6535178679986651
2022-09-07,155.960007,0.684514125608557
2022-09-08,154.460007,0.6520007505681109
2022-09-09,157.369995,0.7150764380395759
2022-09-12,163.429993,0.8464304298518113
2022-09-13,153.839996,0.63856165045331
2022-09-14,155.309998,0.6704248013441138
2022-09-15,152.369995,0.606698521238089
2022-09-16,150.699997,0.5705003403775593
2022-09-19,154.479996,0.6524340238039
2022-09-20,156.899994,0.7048888921846528
2022-09-21,153.720001,0.6359606888279908
2022-09-22,152.740005,0.6147187038372328
2022-09-23,150.429993,0.5646478461679456
2022-09-26,150.770004,0.5720177829418637
2022-09-27,151.759995,0.593476415388308
2022-09-28,149.839996,0.5518593170121205
2022-09-29,142.479996,0.3923270234803317
2022-09-30,138.199997,0.2995555483738423
2022-10-03,142.449997,0.39167677765510606
2022-10-04,146.100006,0.4707928520004419
2022-10-05,146.399994,0.47729526690153046
2022-10-06,145.429993,0.45626992936645877
2022-10-07,140.089996,0.3405223792492213
2022-10-10,140.419998,0.3476753651092857
2022-10-11,138.979996,0.3164624817192909
2022-10-12,138.339996,0.3025901083687009
2022-10-13,142.990005,0.4033817660743335
2022-10-14,138.380005,0.303457326783363
2022-10-17,142.410004,0.3908099060497775
2022-10-18,143.75,0.4198551010502428
2022-10-19,143.860001,0.4222394368954591
2022-10-20,143.389999,0.41205186936495214
2022-10-21,147.270004,0.49615324118082293
2022-10-24,149.449997,0.5434058611771876
2022-10-25,152.339996,0.606048275412864
2022-10-26,149.350006,0.5412384979214083
2022-10-27,144.800003,0.4426145286053052
2022-10-28,155.740005,0.6797454539181249
2022-10-31,153.339996,0.6277238587731614
2022-11-01,150.649994,0.5694164961827942
2022-11-02,145.029999,0.44759982607584015
2022-11-03,138.880005,0.31429511846351166
2022-11-04,138.380005,0.303457326783363
2022-11-07,138.919998,0.31516199006883966
2022-11-08,139.5,0.327733871768979
2022-11-09,134.869995,0.22737581243288518
2022-11-10,146.869995,0.4874828127564535
2022-11-11,149.699997,0.548824757017262
2022-11-14,148.279999,0.5180454719968066
2022-11-15,150.039993,0.5561943686574299
2022-11-16,148.789993,0.5290998894570582
2022-11-17,150.720001,0.5709339387470987
2022-11-18,151.289993,0.5832888478578016
2022-11-21,148.009995,0.5121929777871929
2022-11-22,150.179993,0.5592289503278712
2022-11-23,151.070007,0.5785205229767031
2022-11-25,148.110001,0.5143606661767229
2022-11-28,144.220001,0.43004264690516586
2022-11-29,141.169998,0.36393205262950873
2022-11-30,148.029999,0.5126265761567322
2022-12-01,148.309998,0.5186957178220322
2022-12-02,147.809998,0.5078579261418835
2022-12-05,146.630005,0.48228088950581627
2022-12-06,142.910004,0.40164769772992615
2022-12-07,140.940002,0.3589467551589738
2022-12-08,142.649994,0.3960118293004154
2022-12-09,142.160004,0.3853910102097031
2022-12-12,144.490005,0.43589514111477956
2022-12-13,145.470001,0.45713712610553753
2022-12-14,143.210007,0.4081504377647655
2022-12-15,136.5,0.2627071216880869
2022-12-16,134.509995,0.21957260242317844
2022-12-19,132.369995,0.17318685403214176
2022-12-20,132.300003,0.17166973660158816
2022-12-21,135.449997,0.23994769413302452
2022-12-22,132.229996,0.17015229403728374
2022-12-23,131.860001,0.16213243657189075
2022-12-27,130.029999,0.1224660756713797
2022-12-28,126.040001,0.035980541414959946
2022-12-29,129.610001,0.11336237401122169
2022-12-30,129.929993,0.12029838728184963
2023-01-03,125.07,0.014955203879887913
2023-01-04,126.360001,0.04291672809025495
2023-01-05,125.019997,0.013871359685123189
2023-01-06,129.619995,0.11357899979132402
2023-01-09,130.149994,0.12506703729669832
2023-01-10,130.729996,0.1376389189968377
2023-01-11,133.490005,0.1974637241515086
2023-01-12,133.410004,0.19572965580710122
2023-01-13,134.759995,0.2249914982632528
2023-01-17,135.940002,0.25056883835748694
2023-01-18,135.210007,0.23474577088238663
2023-01-19,135.270004,0.2360462408572546
2023-01-20,137.869995,0.2924025625137773
2023-01-23,141.110001,0.36263158265464135
2023-01-24,142.529999,0.39341086767509675
2023-01-25,141.860001,0.37888827017486437
2023-01-26,143.960007,0.42440712528498853
2023-01-27,145.929993,0.4671077210466074
2023-01-30,143.0,0.4035984135300198
2023-01-31,144.289993,0.4315597643357201
2023-02-01,145.429993,0.45626992936645877
2023-02-02,150.820007,0.5731016271366287
2023-02-03,154.5,0.6528676221734394
2023-02-06,151.729996,0.5928261695630823
2023-02-07,154.649994,0.6561188296239837
2023-02-08,151.919998,0.5969445737527054
2023-02-09,150.869995,0.5741851461976429
2023-02-10,151.009995,0.577219727868085
2023-02-13,153.850006,0.6387786230427465
2023-02-14,153.199997,0.6246892987783027
2023-02-15,155.330002,0.6708583997136531
2023-02-16,153.710007,0.6357440630478879
2023-02-17,152.550003,0.6106002996476098
2023-02-21,148.479996,0.5223805236421158
2023-02-22,148.910004,0.5317011978917103
2023-02-23,149.399994,0.5423220169824226
2023-02-24,146.710007,0.4840149795258063
2023-02-27,147.919998,0.5102422403115159
2023-02-28,147.410004,0.4991878228512643
2023-03-01,145.309998,0.45366896774114013
2023-03-02,145.910004,0.46667444781081824
2023-03-03,151.029999,0.5776533262376243
2023-03-06,153.830002,0.6383450246732071
2023-03-07,151.600006,0.5900085604820774
2023-03-08,152.869995,0.6175363129182377
2023-03-09,150.589996,0.5681160045323436
2023-03-10,148.5,0.5228141220116552
2023-03-13,150.470001,0.5655150429070244
2023-03-14,152.589996,0.6114671712529384
2023-03-15,152.990005,0.6201375996773072
2023-03-16,155.850006,0.6821297897633413
2023-03-17,155.0,0.6637054138535882
2023-03-20,157.399994,0.7157266838648014
2023-03-21,159.279999,0.7564768889600776
2023-03-22,157.830002,0.7250473581143966
2023-03-23,158.929993,0.7488903047304731
2023-03-24,160.25,0.7775022264951493
2023-03-27,158.279999,0.7348013055997802
2023-03-28,157.649994,0.7211455797048758
2023-03-29,160.770004,0.7887736165448374
2023-03-30,162.360001,0.8232377290609603
2023-03-31,164.899994,0.8782935590670317
2023-04-03,166.169998,0.9058216366369428
2023-04-04,165.630005,0.8941169733514661
2023-04-05,163.759995,0.8535834157118763
2023-04-06,164.660004,0.8730916358163938
2023-04-10,162.029999,0.8160847432008953
2023-04-11,160.800003,0.789423862370063
2023-04-12,160.100006,0.774251019044605
2023-04-13,165.559998,0.8925995307871617
2023-04-14,165.210007,0.8850132716913075
2023-04-17,165.229996,0.8854465449270967
2023-04-18,166.470001,0.9123243766717821
2023-04-19,167.630005,0.9374681400720609
2023-04-20,166.649994,0.9162258299475521
2023-04-21,165.020004,0.8808948458261011
2023-04-24,165.330002,0.8876142333166268
2023-04-25,163.770004,0.8538003666257294
2023-04-26,163.759995,0.8535834157118763
2023-04-27,168.410004,0.9543750734175089
2023-04-28,169.679993,0.9819028258536698
2023-05-01,169.589996,0.9799520883779935
2023-05-02,168.539993,0.9571926608229311
2023-05-03,167.449997,0.9335663616625401
2023-05-04,165.789993,0.8975848065821134
2023-05-05,173.570007,1.0662211485833937
2023-05-08,173.5,1.0647037060190894
2023-05-09,171.770004,1.0272050335081084
2023-05-10,173.559998,1.0660041976695407
2023-05-11,173.75,1.0701226018591636
2023-05-12,172.570007,1.0445455652230964
2023-05-15,172.070007,1.0337077735429476
2023-05-16,172.070007,1.0337077735429476
2023-05-17,172.690002,1.047146526848415
2023-05-18,175.050003,1.0983009252543003
2023-05-19,175.160004,1.1006852610995161
2023-05-22,174.199997,1.0798765493445472
2023-05-23,171.559998,1.0226530309489459
2023-05-24,171.839996,1.0287221509386626
2023-05-25,172.990005,1.0536492668832544
2023-05-26,175.429993,1.1065374301753796
2023-05-30,177.300003,1.1470709878149694
2023-05-31,177.25,1.1459871436202045
2023-06-01,180.089996,1.2075457136611158
2023-06-02,180.949997,1.2261867370265545
2023-06-05,179.580002,1.1964912962008643
2023-06-06,179.210007,1.1884714387354707
2023-06-07,177.820007,1.1583423778646575
2023-06-08,180.570007,1.2179502321054754
2023-06-09,180.960007,1.226403709615991
2023-06-12,183.789993,1.2877453070674658
2023-06-13,183.309998,1.27734113543244
2023-06-14,183.949997,1.2912134871074465
2023-06-15,186.009995,1.3358651454784927
2023-06-16,184.919998,1.3122388246425183
2023-06-20,185.009995,1.3141895621181952
2023-06-21,183.960007,1.291430459696883
2023-06-22,187.0,1.3573240813831038
2023-06-23,186.679993,1.350387742978725
2023-06-26,185.270004,1.3198254088721229
2023-06-27,188.059998,1.3803001563938524
2023-06-28,189.25,1.4060941439437729
2023-06-29,189.589996,1.4134637555839407
2023-06-30,193.970001,1.5084029190799597
2023-07-03,192.460007,1.4756729182594106
2023-07-05,191.330002,1.4511794006843581
2023-07-06,191.809998,1.4615835939949675
2023-07-07,190.679993,1.4370900764199144
2023-07-10,188.610001,1.392221792268766
2023-07-11,188.080002,1.3807337547633918
2023-07-12,189.770004,1.4173655339934608
2023-07-13,190.539993,1.434055494749473
2023-07-14,190.690002,1.4373070273337676
2023-07-17,193.990005,1.508836517449499
2023-07-18,193.729996,1.5032006706955716
2023-07-19,195.100006,1.5328964366550126
2023-07-20,193.130005,1.4901955157596436
2023-07-21,191.940002,1.4644015065341394
2023-07-24,192.75,1.4819586857048135
2023-07-25,193.619995,1.5008163348503551
2023-07-26,194.5,1.519890956585334
2023-07-27,193.220001,1.4921462315597367
2023-07-28,195.830002,1.5487195258056963
2023-07-31,196.449997,1.5621582791111637
2023-08-01,195.610001,1.5439508757908476
2023-08-02,192.580002,1.47827387988473
2023-08-03,191.169998,1.447711220644377
2023-08-04,181.990005,1.2487295171259307
2023-08-07,178.850006,1.1806682070501806
2023-08-08,179.800003,1.201259946215713
2023-08-09,178.190002,1.1663622353300505
2023-08-10,177.970001,1.1615935853152017
2023-08-11,177.789993,1.1576918069056816
2023-08-14,179.460007,1.193890334575545
2023-08-15,177.449997,1.1503221952655138
2023-08-16,176.570007,1.1312478986642858
2023-08-17,174.0,1.0755414976992381
2023-08-18,174.490005,1.0861626419237005
2023-08-21,175.839996,1.115424484379852
2023-08-22,177.229996,1.145553545250665
2023-08-23,181.119995,1.2298715428466382
2023-08-24,176.380005,1.1271294944746628
2023-08-25,178.610001,1.1754659586657925
2023-08-28,180.190002,1.2097134020506453
2023-08-29,184.119995,1.2948982929275303
2023-08-30,187.649994,1.3714130805137967
2023-08-31,187.869995,1.3761817305286455
2023-09-01,189.460007,1.4106461681785185
2023-09-05,189.699997,1.4158480914291565
2023-09-06,182.910004,1.2686710321418206
2023-09-07,177.559998,1.15270653111073
2023-09-08,178.179993,1.1661452844161975
2023-09-11,179.360001,1.1917226461860155
2023-09-12,176.300003,1.1253954044546721
2023-09-13,174.210007,1.0800935219339838
2023-09-14,175.740005,1.113257121124072
2023-09-15,175.009995,1.0974337285152216
2023-09-18,177.970001,1.1615935853152017
2023-09-19,179.070007,1.1854368570650293
2023-09-20,175.490005,1.1078382252839978
2023-09-21,173.929993,1.0740240551349336
2023-09-22,174.789993,1.0926650568247895
2023-09-25,176.080002,1.1206267544398234
2023-09-26,171.960007,1.0313234593733147
2023-09-27,170.429993,0.9981595133738929
2023-09-28,170.690002,1.0037953601278202
2023-09-29,171.210007,1.0150667718530917
2023-10-02,173.75,1.0701226018591636
2023-10-03,172.399994,1.040860434269262
2023-10-04,173.660004,1.06817188605907
2023-10-05,174.910004,1.0952663652594419
2023-10-06,177.490005,1.1511893920045926
2023-10-09,178.990005,1.1837027670450386
2023-10-10,178.389999,1.1706972869753598
2023-10-11,179.800003,1.201259946215713
2023-10-12,180.710007,1.2209848137759167
2023-10-13,178.850006,1.1806682070501806
2023-10-16,178.720001,1.1778502728354248
2023-10-17,177.149994,1.1438194552306744
2023-10-18,175.839996,1.115424484379852
2023-10-19,175.460007,1.1071880011343556
2023-10-20,172.880005,1.051264952713622
2023-10-23,173.0,1.0538659143389406
2023-10-24,173.440002,1.063403214368638
2023-10-25,171.100006,1.0126824360078759
2023-10-26,166.889999,0.9214280783319402
2023-10-27,168.220001,0.9502566475523025
2023-10-30,170.289993,0.9951249317034515
2023-10-31,170.770004,1.005529450147811
2023-11-01,173.970001,1.0748912518740124
2023-11-02,177.570007,1.1529234820245833
2023-11-03,176.649994,1.1329816635505257
2023-11-06,179.229996,1.1889047119712597
2023-11-07,181.820007,1.245044711305847
2023-11-08,182.889999,1.268237412096698
2023-11-09,182.410004,1.2578332404616719
2023-11-10,186.399994,1.344318601313425
2023-11-13,184.800003,1.3096378630171996
2023-11-14,187.440002,1.3668613814128012
2023-11-15,188.009995,1.3792163121990872
2023-11-16,189.710007,1.416065064018593
2023-11-17,189.690002,1.4156314439734703
2023-11-20,191.449997,1.4537803623096768
2023-11-21,190.639999,1.4362231831390024
2023-11-22,191.309998,1.4507458023148188
2023-11-24,189.970001,1.42170058563877
2023-11-27,189.789993,1.41779880722925
2023-11-28,190.399994,1.4310209347546143
2023-11-29,189.369995,1.4086951055690915
2023-11-30,189.949997,1.4212669872692307
2023-12-01,191.240005,1.4492286632086813
2023-12-04,189.429993,1.4099955972195428
2023-12-05,193.419998,1.496481283205046
2023-12-06,192.320007,1.4726383365889693
2023-12-07,194.270004,1.514905659114799
2023-12-08,195.710007,1.5461185641803772
2023-12-11,193.179993,1.491279034820658
2023-12-12,194.710007,1.5244429808200797
2023-12-13,197.960007,1.5948886267410463
2023-12-14,198.110001,1.5981398341915911
2023-12-15,197.570007,1.5864351492305304
2023-12-18,195.889999,1.5500199957805636
2023-12-19,196.940002,1.572779423335626
2023-12-20,194.830002,1.527043942445399
2023-12-21,194.679993,1.523792409861104
2023-12-22,193.600006,1.5003830616145666
2023-12-26,193.050003,1.488461425739653
2023-12-27,193.149994,1.4906287889954322
2023-12-28,193.580002,1.4999494632450272
2023-12-29,192.529999,1.4771900356899648
2024-01-02,185.639999,1.3278452663375158
2024-01-03,184.25,1.297716227142286
2024-01-04,181.910004,1.2469954487815234
2024-01-05,181.179993,1.2311720344970896
2024-01-08,185.559998,1.326111197993109
2024-01-09,185.139999,1.317007474657367
2024-01-10,186.190002,1.3397669022124294
2024-01-11,185.589996,1.3267614221427513
2024-01-12,185.919998,1.3339144080028158
2024-01-16,183.630005,1.2842774738368186
2024-01-17,182.679993,1.2636854095375356
